Sigla;Código;Estado;Desocupados - homens (2012 T1);Desocupados - mulheres (2012 T1);Desocupados - homens (2026 T1);Desocupados - mulheres (2026 T1);Diferença homens 2026-2012;Diferença mulheres 2026-2012;Diferença mulheres-homens 2012;Diferença mulheres-homens 2026;Horas_semanais_total
AC;12;Acre;45.3;54.7;53.2;46.8;7.900000000000006;-7.900000000000006;9.400000000000006;-6.400000000000006;13.60690337671369
AL;27;Alagoas;44.7;55.3;50.7;49.3;6.0;-6.0;10.599999999999994;-1.4000000000000057;20.217129217862883
AM;13;Amazonas;47.5;52.5;46.8;53.2;-0.7000000000000028;0.7000000000000028;5.0;6.400000000000006;16.807290275773322
AP;16;Amapá;48.1;51.9;51.1;48.9;3.0;-3.0;3.799999999999997;-2.200000000000003;13.586655516785198
BA;29;Bahia;43.8;56.2;44.7;55.3;0.9000000000000057;-0.9000000000000057;12.400000000000006;10.599999999999994;17.849775846054133
CE;23;Ceará;51.1;48.9;52.7;47.3;1.6000000000000014;-1.6000000000000014;-2.200000000000003;-5.400000000000006;19.499293202723454
DF;53;Distrito Federal;41.0;59.0;47.9;52.1;6.899999999999999;-6.899999999999999;18.0;4.200000000000003;15.096351385206958
ES;32;Espírito Santo;46.4;53.6;47.5;52.5;1.1000000000000014;-1.1000000000000014;7.200000000000003;5.0;17.111106290014998
GO;52;Goiás;41.0;59.0;47.5;52.5;6.5;-6.5;18.0;5.0;15.186470906303967
MA;21;Maranhão;47.2;52.8;49.1;50.9;1.8999999999999986;-1.8999999999999986;5.599999999999994;1.7999999999999972;16.669613629249437
MG;31;Minas Gerais;43.1;56.9;48.6;51.4;5.5;-5.5;13.799999999999997;2.799999999999997;17.502140657103446
MS;50;Mato Grosso do Sul;47.2;52.8;45.3;54.7;-1.9000000000000057;1.9000000000000057;5.599999999999994;9.400000000000006;15.30978326174933
MT;51;Mato Grosso;44.1;55.9;42.8;57.2;-1.3000000000000043;1.3000000000000043;11.799999999999997;14.400000000000006;14.239988796112216
PA;15;Pará;43.2;56.8;48.3;51.7;5.099999999999994;-5.099999999999994;13.599999999999994;3.4000000000000057;16.474267546123745
PB;25;Paraíba;44.4;55.6;48.9;51.1;4.5;-4.5;11.200000000000003;2.200000000000003;18.920816236791723
PE;26;Pernambuco;43.9;56.1;48.7;51.3;4.800000000000004;-4.800000000000004;12.200000000000003;2.5999999999999943;19.306249435369693
PI;22;Piauí;51.2;48.8;55.1;44.9;3.8999999999999986;-3.8999999999999986;-2.4000000000000057;-10.200000000000003;17.96036585313155
PR;41;Paraná;40.3;59.7;46.3;53.7;6.0;-6.0;19.400000000000006;7.400000000000006;15.390121730266973
RJ;33;Rio de Janeiro;44.2;55.8;45.4;54.6;1.1999999999999957;-1.1999999999999957;11.599999999999994;9.200000000000003;16.716262536343233
RN;24;Rio Grande do Norte;51.0;49.0;48.2;51.8;-2.799999999999997;2.799999999999997;-2.0;3.5999999999999943;18.307739543439787
RO;11;Rondônia;43.4;56.6;33.0;67.0;-10.399999999999999;10.399999999999999;13.200000000000003;34.0;17.01416153245271
RR;14;Roraima;41.8;58.2;43.4;56.6;1.6000000000000014;-1.6000000000000014;16.400000000000006;13.200000000000003;13.639257287604108
RS;43;Rio Grande do Sul;42.8;57.2;47.4;52.6;4.600000000000001;-4.600000000000001;14.400000000000006;5.200000000000003;15.356708913908161
SC;42;Santa Catarina;42.7;57.3;44.6;55.4;1.8999999999999986;-1.8999999999999986;14.599999999999994;10.799999999999997;16.039355202256342
SE;28;Sergipe;46.5;53.5;40.3;59.7;-6.200000000000003;6.200000000000003;7.0;19.400000000000006;18.82654148291451
SP;35;São Paulo;45.4;54.6;46.2;53.8;0.8000000000000043;-0.8000000000000043;9.200000000000003;7.599999999999994;17.071295479298144
TO;17;Tocantins;55.3;44.7;46.2;53.8;-9.099999999999994;9.099999999999994;-10.599999999999994;7.599999999999994;15.815780560210031
